{"cameraMode":{"drawMode":0,"name":"Shaded","section":"Shading Mode"},"sceneLighting":false,"audioPlay":false,"sceneViewState":{"m_AlwaysRefresh":false,"showFog":true,"showSkybox":false,"showFlares":true,"showImageEffects":true,"showParticleSystems":true,"showVisualEffectGraphs":true,"m_FxEnabled":true},"in2DMode":false,"pivot":{"x":0.41999998688697817,"y":0.7350000143051148,"z":11.729999542236329},"rotation":{"x":-0.2720012068748474,"y":0.5625568628311157,"z":-0.20030446350574494,"w":-0.7552405595779419},"size":0.5996190905570984,"orthographic":false}