{"cameraMode":{"drawMode":0,"name":"Shaded","section":"Shading Mode"},"sceneLighting":false,"audioPlay":false,"sceneViewState":{"m_AlwaysRefresh":false,"showFog":true,"showSkybox":false,"showFlares":true,"showImageEffects":true,"showParticleSystems":true,"showVisualEffectGraphs":true,"m_FxEnabled":true},"in2DMode":false,"pivot":{"x":5.1925368309021,"y":0.21850883960723878,"z":0.5347816944122315},"rotation":{"x":0.49483057856559756,"y":0.10609004646539688,"z":0.8603840470314026,"w":-0.06167270615696907},"size":3.5443618297576906,"orthographic":false}